,sector,Year,FDI(million $)
0,METALLURGICAL INDUSTRIES,2000,22.69
1,MINING,2000,1.32
2,POWER,2000,89.42
3,NON-CONVENTIONAL ENERGY,2000,0.0
4,COAL PRODUCTION,2000,0.0
5,PETROLEUM & NATURAL GAS,2000,9.35
6,BOILERS AND STEAM GENERATING PLANTS,2000,0.0
7,PRIME MOVER (OTHER THAN ELECTRICAL GENERATORS),2000,0.0
8,ELECTRICAL EQUIPMENTS,2000,79.76
9,COMPUTER SOFTWARE & HARDWARE,2000,228.39
10,ELECTRONICS,2000,8.34
11,TELECOMMUNICATIONS,2000,177.69
12,INFORMATION & BROADCASTING (INCLUDING PRINT MEDIA),2000,81.5
13,AUTOMOBILE INDUSTRY,2000,195.33
14,AIR TRANSPORT (INCLUDING AIR FREIGHT),2000,0.0
15,SEA TRANSPORT,2000,2.41
16,PORTS,2000,0.0
17,RAILWAY RELATED COMPONENTS,2000,0.0
18,INDUSTRIAL MACHINERY,2000,5.48
19,MACHINE TOOLS,2000,1.42
20,AGRICULTURAL MACHINERY,2000,3.64
21,EARTH-MOVING MACHINERY,2000,0.0
22,MISCELLANEOUS MECHANICAL & ENGINEERING INDUSTRIES,2000,44.5
23,"COMMERCIAL, OFFICE & HOUSEHOLD EQUIPMENTS",2000,12.2
24,MEDICAL AND SURGICAL APPLIANCES,2000,5.42
25,INDUSTRIAL INSTRUMENTS,2000,1.01
26,SCIENTIFIC INSTRUMENTS,2000,8.07
27,"MATHEMATICAL,SURVEYING AND DRAWING INSTRUMENTS",2000,0.0
28,FERTILIZERS,2000,0.0
29,CHEMICALS (OTHER THAN FERTILIZERS),2000,111.14
30,PHOTOGRAPHIC RAW FILM AND PAPER,2000,0.0
31,DYE-STUFFS,2000,1.05
32,DRUGS & PHARMACEUTICALS,2000,35.94
33,"TEXTILES (INCLUDING DYED,PRINTED)",2000,2.06
34,PAPER AND PULP (INCLUDING PAPER PRODUCTS),2000,60.04
35,SUGAR,2000,0.0
36,FERMENTATION INDUSTRIES,2000,16.02
37,FOOD PROCESSING INDUSTRIES,2000,45.75
38,VEGETABLE OILS AND VANASPATI,2000,0.0
39,"SOAPS, COSMETICS & TOILET PREPARATIONS",2000,0.0
40,RUBBER GOODS,2000,0.1
41,"LEATHER,LEATHER GOODS AND PICKERS",2000,9.75
42,GLUE AND GELATIN,2000,0.0
43,GLASS,2000,33.87
44,CERAMICS,2000,4.03
45,CEMENT AND GYPSUM PRODUCTS,2000,67.72
46,TIMBER PRODUCTS,2000,0.0
47,DEFENCE INDUSTRIES,2000,0.0
48,CONSULTANCY SERVICES,2000,4.25
49,"SERVICES SECTOR (Fin.,Banking,Insurance,Non Fin/Business,Outsourcing,R&D,Courier,Tech. Testing and Analysis, Other)",2000,71.38
50,HOSPITAL & DIAGNOSTIC CENTRES,2000,0.0
51,EDUCATION,2000,0.0
52,HOTEL & TOURISM,2000,13.2
53,TRADING,2000,11.49
54,RETAIL TRADING,2000,0.0
55,AGRICULTURE SERVICES,2000,17.52
56,"DIAMOND,GOLD ORNAMENTS",2000,18.83
57,TEA AND COFFEE (PROCESSING & WAREHOUSING COFFEE & RUBBER),2000,20.23
58,PRINTING OF BOOKS (INCLUDING LITHO PRINTING INDUSTRY),2000,0.0
59,COIR,2000,0.0
60,CONSTRUCTION (INFRASTRUCTURE) ACTIVITIES,2000,0.0
61,"CONSTRUCTION DEVELOPMENT: Townships, housing, built-up infrastructure and construction-development projects",2000,24.33
62,MISCELLANEOUS INDUSTRIES,2000,832.07
63,METALLURGICAL INDUSTRIES,2001,14.14
64,MINING,2001,6.52
65,POWER,2001,757.44
66,NON-CONVENTIONAL ENERGY,2001,0.0
67,COAL PRODUCTION,2001,0.0
68,PETROLEUM & NATURAL GAS,2001,211.07
69,BOILERS AND STEAM GENERATING PLANTS,2001,0.0
70,PRIME MOVER (OTHER THAN ELECTRICAL GENERATORS),2001,0.0
71,ELECTRICAL EQUIPMENTS,2001,65.76
72,COMPUTER SOFTWARE & HARDWARE,2001,419.39
73,ELECTRONICS,2001,12.47
74,TELECOMMUNICATIONS,2001,873.23
75,INFORMATION & BROADCASTING (INCLUDING PRINT MEDIA),2001,4.54
76,AUTOMOBILE INDUSTRY,2001,235.76
77,AIR TRANSPORT (INCLUDING AIR FREIGHT),2001,0.0
78,SEA TRANSPORT,2001,19.81
79,PORTS,2001,15.48
80,RAILWAY RELATED COMPONENTS,2001,0.0
81,INDUSTRIAL MACHINERY,2001,32.04
82,MACHINE TOOLS,2001,4.31
83,AGRICULTURAL MACHINERY,2001,1.04
84,EARTH-MOVING MACHINERY,2001,0.11
85,MISCELLANEOUS MECHANICAL & ENGINEERING INDUSTRIES,2001,61.4
86,"COMMERCIAL, OFFICE & HOUSEHOLD EQUIPMENTS",2001,4.87
87,MEDICAL AND SURGICAL APPLIANCES,2001,42.35
88,INDUSTRIAL INSTRUMENTS,2001,5.07
89,SCIENTIFIC INSTRUMENTS,2001,2.33
90,"MATHEMATICAL,SURVEYING AND DRAWING INSTRUMENTS",2001,0.0
91,FERTILIZERS,2001,0.0
92,CHEMICALS (OTHER THAN FERTILIZERS),2001,87.23
93,PHOTOGRAPHIC RAW FILM AND PAPER,2001,0.0
94,DYE-STUFFS,2001,0.18
95,DRUGS & PHARMACEUTICALS,2001,77.94
96,"TEXTILES (INCLUDING DYED,PRINTED)",2001,5.28
97,PAPER AND PULP (INCLUDING PAPER PRODUCTS),2001,16.7
98,SUGAR,2001,0.0
99,FERMENTATION INDUSTRIES,2001,11.04
100,FOOD PROCESSING INDUSTRIES,2001,219.39
101,VEGETABLE OILS AND VANASPATI,2001,0.0
102,"SOAPS, COSMETICS & TOILET PREPARATIONS",2001,0.0
103,RUBBER GOODS,2001,46.39
104,"LEATHER,LEATHER GOODS AND PICKERS",2001,0.2
105,GLUE AND GELATIN,2001,0.94
106,GLASS,2001,8.37
107,CERAMICS,2001,0.78
108,CEMENT AND GYPSUM PRODUCTS,2001,139.9
109,TIMBER PRODUCTS,2001,0.05
110,DEFENCE INDUSTRIES,2001,0.0
111,CONSULTANCY SERVICES,2001,66.22
112,"SERVICES SECTOR (Fin.,Banking,Insurance,Non Fin/Business,Outsourcing,R&D,Courier,Tech. Testing and Analysis, Other)",2001,187.95
113,HOSPITAL & DIAGNOSTIC CENTRES,2001,6.93
114,EDUCATION,2001,0.0
115,HOTEL & TOURISM,2001,32.12
116,TRADING,2001,43.27
117,RETAIL TRADING,2001,0.0
118,AGRICULTURE SERVICES,2001,14.06
119,"DIAMOND,GOLD ORNAMENTS",2001,0.36
120,TEA AND COFFEE (PROCESSING & WAREHOUSING COFFEE & RUBBER),2001,0.14
121,PRINTING OF BOOKS (INCLUDING LITHO PRINTING INDUSTRY),2001,0.0
122,COIR,2001,0.0
123,CONSTRUCTION (INFRASTRUCTURE) ACTIVITIES,2001,0.0
124,"CONSTRUCTION DEVELOPMENT: Townships, housing, built-up infrastructure and construction-development projects",2001,51.75
125,MISCELLANEOUS INDUSTRIES,2001,221.37
126,METALLURGICAL INDUSTRIES,2002,36.61
127,MINING,2002,10.06
128,POWER,2002,59.11
129,NON-CONVENTIONAL ENERGY,2002,1.7
130,COAL PRODUCTION,2002,0.0
131,PETROLEUM & NATURAL GAS,2002,56.78
132,BOILERS AND STEAM GENERATING PLANTS,2002,0.0
133,PRIME MOVER (OTHER THAN ELECTRICAL GENERATORS),2002,0.0
134,ELECTRICAL EQUIPMENTS,2002,34.71
135,COMPUTER SOFTWARE & HARDWARE,2002,314.24
136,ELECTRONICS,2002,295.88
137,TELECOMMUNICATIONS,2002,191.6
138,INFORMATION & BROADCASTING (INCLUDING PRINT MEDIA),2002,36.5
139,AUTOMOBILE INDUSTRY,2002,419.96
140,AIR TRANSPORT (INCLUDING AIR FREIGHT),2002,3.8
141,SEA TRANSPORT,2002,29.32
142,PORTS,2002,2.03
143,RAILWAY RELATED COMPONENTS,2002,0.56
144,INDUSTRIAL MACHINERY,2002,19.4
145,MACHINE TOOLS,2002,14.17
146,AGRICULTURAL MACHINERY,2002,13.48
147,EARTH-MOVING MACHINERY,2002,13.77
148,MISCELLANEOUS MECHANICAL & ENGINEERING INDUSTRIES,2002,45.07
149,"COMMERCIAL, OFFICE & HOUSEHOLD EQUIPMENTS",2002,2.33
150,MEDICAL AND SURGICAL APPLIANCES,2002,21.63
151,INDUSTRIAL INSTRUMENTS,2002,1.31
152,SCIENTIFIC INSTRUMENTS,2002,0.19
153,"MATHEMATICAL,SURVEYING AND DRAWING INSTRUMENTS",2002,0.0
154,FERTILIZERS,2002,16.38
155,CHEMICALS (OTHER THAN FERTILIZERS),2002,128.12
156,PHOTOGRAPHIC RAW FILM AND PAPER,2002,0.6
157,DYE-STUFFS,2002,0.0
158,DRUGS & PHARMACEUTICALS,2002,40.07
159,"TEXTILES (INCLUDING DYED,PRINTED)",2002,54.18
160,PAPER AND PULP (INCLUDING PAPER PRODUCTS),2002,7.36
161,SUGAR,2002,3.97
162,FERMENTATION INDUSTRIES,2002,8.07
163,FOOD PROCESSING INDUSTRIES,2002,36.88
164,VEGETABLE OILS AND VANASPATI,2002,0.0
165,"SOAPS, COSMETICS & TOILET PREPARATIONS",2002,0.0
166,RUBBER GOODS,2002,16.42
167,"LEATHER,LEATHER GOODS AND PICKERS",2002,0.01
168,GLUE AND GELATIN,2002,5.22
169,GLASS,2002,44.98
170,CERAMICS,2002,0.21
171,CEMENT AND GYPSUM PRODUCTS,2002,21.08
172,TIMBER PRODUCTS,2002,0.04
173,DEFENCE INDUSTRIES,2002,0.0
174,CONSULTANCY SERVICES,2002,25.7
175,"SERVICES SECTOR (Fin.,Banking,Insurance,Non Fin/Business,Outsourcing,R&D,Courier,Tech. Testing and Analysis, Other)",2002,296.34
176,HOSPITAL & DIAGNOSTIC CENTRES,2002,29.13
177,EDUCATION,2002,0.0
178,HOTEL & TOURISM,2002,33.75
179,TRADING,2002,38.13
180,RETAIL TRADING,2002,0.0
181,AGRICULTURE SERVICES,2002,11.01
182,"DIAMOND,GOLD ORNAMENTS",2002,1.3
183,TEA AND COFFEE (PROCESSING & WAREHOUSING COFFEE & RUBBER),2002,0.0
184,PRINTING OF BOOKS (INCLUDING LITHO PRINTING INDUSTRY),2002,6.3
185,COIR,2002,0.0
186,CONSTRUCTION (INFRASTRUCTURE) ACTIVITIES,2002,0.0
187,"CONSTRUCTION DEVELOPMENT: Townships, housing, built-up infrastructure and construction-development projects",2002,36.1
188,MISCELLANEOUS INDUSTRIES,2002,218.76
189,METALLURGICAL INDUSTRIES,2003,8.11
190,MINING,2003,23.48
191,POWER,2003,27.09
192,NON-CONVENTIONAL ENERGY,2003,4.14
193,COAL PRODUCTION,2003,0.04
194,PETROLEUM & NATURAL GAS,2003,80.64
195,BOILERS AND STEAM GENERATING PLANTS,2003,0.04
196,PRIME MOVER (OTHER THAN ELECTRICAL GENERATORS),2003,0.0
197,ELECTRICAL EQUIPMENTS,2003,73.2
198,COMPUTER SOFTWARE & HARDWARE,2003,368.32
199,ELECTRONICS,2003,82.31
200,TELECOMMUNICATIONS,2003,86.49
201,INFORMATION & BROADCASTING (INCLUDING PRINT MEDIA),2003,13.72
202,AUTOMOBILE INDUSTRY,2003,119.09
203,AIR TRANSPORT (INCLUDING AIR FREIGHT),2003,0.94
204,SEA TRANSPORT,2003,21.95
205,PORTS,2003,116.36
206,RAILWAY RELATED COMPONENTS,2003,2.95
207,INDUSTRIAL MACHINERY,2003,3.18
208,MACHINE TOOLS,2003,54.51
209,AGRICULTURAL MACHINERY,2003,47.54
210,EARTH-MOVING MACHINERY,2003,0.01
211,MISCELLANEOUS MECHANICAL & ENGINEERING INDUSTRIES,2003,22.73
212,"COMMERCIAL, OFFICE & HOUSEHOLD EQUIPMENTS",2003,10.41
213,MEDICAL AND SURGICAL APPLIANCES,2003,1.97
214,INDUSTRIAL INSTRUMENTS,2003,0.3
215,SCIENTIFIC INSTRUMENTS,2003,0.02
216,"MATHEMATICAL,SURVEYING AND DRAWING INSTRUMENTS",2003,0.0
217,FERTILIZERS,2003,21.58
218,CHEMICALS (OTHER THAN FERTILIZERS),2003,20.24
219,PHOTOGRAPHIC RAW FILM AND PAPER,2003,0.24
220,DYE-STUFFS,2003,0.43
221,DRUGS & PHARMACEUTICALS,2003,108.91
222,"TEXTILES (INCLUDING DYED,PRINTED)",2003,9.34
223,PAPER AND PULP (INCLUDING PAPER PRODUCTS),2003,7.15
224,SUGAR,2003,0.0
225,FERMENTATION INDUSTRIES,2003,1.7
226,FOOD PROCESSING INDUSTRIES,2003,109.22
227,VEGETABLE OILS AND VANASPATI,2003,1.69
228,"SOAPS, COSMETICS & TOILET PREPARATIONS",2003,0.0
229,RUBBER GOODS,2003,6.37
230,"LEATHER,LEATHER GOODS AND PICKERS",2003,7.55
231,GLUE AND GELATIN,2003,0.0
232,GLASS,2003,5.24
233,CERAMICS,2003,1.47
234,CEMENT AND GYPSUM PRODUCTS,2003,9.58
235,TIMBER PRODUCTS,2003,0.11
236,DEFENCE INDUSTRIES,2003,0.0
237,CONSULTANCY SERVICES,2003,46.2
238,"SERVICES SECTOR (Fin.,Banking,Insurance,Non Fin/Business,Outsourcing,R&D,Courier,Tech. Testing and Analysis, Other)",2003,271.15
239,HOSPITAL & DIAGNOSTIC CENTRES,2003,24.08
240,EDUCATION,2003,0.19
241,HOTEL & TOURISM,2003,49.36
242,TRADING,2003,31.12
243,RETAIL TRADING,2003,0.0
244,AGRICULTURE SERVICES,2003,0.59
245,"DIAMOND,GOLD ORNAMENTS",2003,1.96
246,TEA AND COFFEE (PROCESSING & WAREHOUSING COFFEE & RUBBER),2003,0.32
247,PRINTING OF BOOKS (INCLUDING LITHO PRINTING INDUSTRY),2003,0.0
248,COIR,2003,0.0
249,CONSTRUCTION (INFRASTRUCTURE) ACTIVITIES,2003,0.0
250,"CONSTRUCTION DEVELOPMENT: Townships, housing, built-up infrastructure and construction-development projects",2003,47.04
251,MISCELLANEOUS INDUSTRIES,2003,235.48
252,METALLURGICAL INDUSTRIES,2004,200.38
253,MINING,2004,9.92
254,POWER,2004,43.37
255,NON-CONVENTIONAL ENERGY,2004,1.27
256,COAL PRODUCTION,2004,0.0
257,PETROLEUM & NATURAL GAS,2004,102.78
258,BOILERS AND STEAM GENERATING PLANTS,2004,0.54
259,PRIME MOVER (OTHER THAN ELECTRICAL GENERATORS),2004,2.66
260,ELECTRICAL EQUIPMENTS,2004,97.4
261,COMPUTER SOFTWARE & HARDWARE,2004,527.9
262,ELECTRONICS,2004,88.1
263,TELECOMMUNICATIONS,2004,118.33
264,INFORMATION & BROADCASTING (INCLUDING PRINT MEDIA),2004,9.85
265,AUTOMOBILE INDUSTRY,2004,121.97
266,AIR TRANSPORT (INCLUDING AIR FREIGHT),2004,4.11
267,SEA TRANSPORT,2004,36.95
268,PORTS,2004,13.04
269,RAILWAY RELATED COMPONENTS,2004,10.75
270,INDUSTRIAL MACHINERY,2004,8.89
271,MACHINE TOOLS,2004,11.04
272,AGRICULTURAL MACHINERY,2004,0.0
273,EARTH-MOVING MACHINERY,2004,0.1
274,MISCELLANEOUS MECHANICAL & ENGINEERING INDUSTRIES,2004,12.83
275,"COMMERCIAL, OFFICE & HOUSEHOLD EQUIPMENTS",2004,14.13
276,MEDICAL AND SURGICAL APPLIANCES,2004,5.35
277,INDUSTRIAL INSTRUMENTS,2004,1.08
278,SCIENTIFIC INSTRUMENTS,2004,0.03
279,"MATHEMATICAL,SURVEYING AND DRAWING INSTRUMENTS",2004,0.0
280,FERTILIZERS,2004,13.46
281,CHEMICALS (OTHER THAN FERTILIZERS),2004,69.39
282,PHOTOGRAPHIC RAW FILM AND PAPER,2004,6.16
283,DYE-STUFFS,2004,1.18
284,DRUGS & PHARMACEUTICALS,2004,293.36
285,"TEXTILES (INCLUDING DYED,PRINTED)",2004,43.04
286,PAPER AND PULP (INCLUDING PAPER PRODUCTS),2004,2.7
287,SUGAR,2004,2.94
288,FERMENTATION INDUSTRIES,2004,139.0
289,FOOD PROCESSING INDUSTRIES,2004,43.98
290,VEGETABLE OILS AND VANASPATI,2004,9.09
291,"SOAPS, COSMETICS & TOILET PREPARATIONS",2004,0.89
292,RUBBER GOODS,2004,40.06
293,"LEATHER,LEATHER GOODS AND PICKERS",2004,0.44
294,GLUE AND GELATIN,2004,0.0
295,GLASS,2004,8.36
296,CERAMICS,2004,26.79
297,CEMENT AND GYPSUM PRODUCTS,2004,0.16
298,TIMBER PRODUCTS,2004,0.07
299,DEFENCE INDUSTRIES,2004,0.05
300,CONSULTANCY SERVICES,2004,252.42
301,"SERVICES SECTOR (Fin.,Banking,Insurance,Non Fin/Business,Outsourcing,R&D,Courier,Tech. Testing and Analysis, Other)",2004,456.15
302,HOSPITAL & DIAGNOSTIC CENTRES,2004,26.19
303,EDUCATION,2004,1.97
304,HOTEL & TOURISM,2004,37.01
305,TRADING,2004,14.22
306,RETAIL TRADING,2004,0.0
307,AGRICULTURE SERVICES,2004,3.83
308,"DIAMOND,GOLD ORNAMENTS",2004,8.58
309,TEA AND COFFEE (PROCESSING & WAREHOUSING COFFEE & RUBBER),2004,0.01
310,PRINTING OF BOOKS (INCLUDING LITHO PRINTING INDUSTRY),2004,0.06
311,COIR,2004,0.47
312,CONSTRUCTION (INFRASTRUCTURE) ACTIVITIES,2004,0.0
313,"CONSTRUCTION DEVELOPMENT: Townships, housing, built-up infrastructure and construction-development projects",2004,152.06
314,MISCELLANEOUS INDUSTRIES,2004,121.83
315,METALLURGICAL INDUSTRIES,2005,149.13
316,MINING,2005,7.4
317,POWER,2005,72.69
318,NON-CONVENTIONAL ENERGY,2005,1.35
319,COAL PRODUCTION,2005,9.14
320,PETROLEUM & NATURAL GAS,2005,12.09
321,BOILERS AND STEAM GENERATING PLANTS,2005,0.0
322,PRIME MOVER (OTHER THAN ELECTRICAL GENERATORS),2005,0.74
323,ELECTRICAL EQUIPMENTS,2005,39.5
324,COMPUTER SOFTWARE & HARDWARE,2005,1359.97
325,ELECTRONICS,2005,40.91
326,TELECOMMUNICATIONS,2005,617.98
327,INFORMATION & BROADCASTING (INCLUDING PRINT MEDIA),2005,55.93
328,AUTOMOBILE INDUSTRY,2005,139.93
329,AIR TRANSPORT (INCLUDING AIR FREIGHT),2005,10.27
330,SEA TRANSPORT,2005,53.63
331,PORTS,2005,0.5
332,RAILWAY RELATED COMPONENTS,2005,22.62
333,INDUSTRIAL MACHINERY,2005,42.8
334,MACHINE TOOLS,2005,23.0
335,AGRICULTURAL MACHINERY,2005,92.71
336,EARTH-MOVING MACHINERY,2005,50.87
337,MISCELLANEOUS MECHANICAL & ENGINEERING INDUSTRIES,2005,51.22
338,"COMMERCIAL, OFFICE & HOUSEHOLD EQUIPMENTS",2005,25.54
339,MEDICAL AND SURGICAL APPLIANCES,2005,1.52
340,INDUSTRIAL INSTRUMENTS,2005,0.38
341,SCIENTIFIC INSTRUMENTS,2005,0.1
342,"MATHEMATICAL,SURVEYING AND DRAWING INSTRUMENTS",2005,0.0
343,FERTILIZERS,2005,4.24
344,CHEMICALS (OTHER THAN FERTILIZERS),2005,387.72
345,PHOTOGRAPHIC RAW FILM AND PAPER,2005,0.0
346,DYE-STUFFS,2005,0.0
347,DRUGS & PHARMACEUTICALS,2005,172.44
348,"TEXTILES (INCLUDING DYED,PRINTED)",2005,94.33
349,PAPER AND PULP (INCLUDING PAPER PRODUCTS),2005,27.38
350,SUGAR,2005,3.0
351,FERMENTATION INDUSTRIES,2005,169.83
352,FOOD PROCESSING INDUSTRIES,2005,41.74
353,VEGETABLE OILS AND VANASPATI,2005,12.31
354,"SOAPS, COSMETICS & TOILET PREPARATIONS",2005,87.42
355,RUBBER GOODS,2005,34.09
356,"LEATHER,LEATHER GOODS AND PICKERS",2005,1.11
357,GLUE AND GELATIN,2005,0.0
358,GLASS,2005,0.81
359,CERAMICS,2005,5.67
360,CEMENT AND GYPSUM PRODUCTS,2005,452.08
361,TIMBER PRODUCTS,2005,0.33
362,DEFENCE INDUSTRIES,2005,0.0
363,CONSULTANCY SERVICES,2005,47.4
364,"SERVICES SECTOR (Fin.,Banking,Insurance,Non Fin/Business,Outsourcing,R&D,Courier,Tech. Testing and Analysis, Other)",2005,548.61
365,HOSPITAL & DIAGNOSTIC CENTRES,2005,32.53
366,EDUCATION,2005,3.16
367,HOTEL & TOURISM,2005,71.78
368,TRADING,2005,28.93
369,RETAIL TRADING,2005,0.0
370,AGRICULTURE SERVICES,2005,9.08
371,"DIAMOND,GOLD ORNAMENTS",2005,15.52
372,TEA AND COFFEE (PROCESSING & WAREHOUSING COFFEE & RUBBER),2005,1.43
373,PRINTING OF BOOKS (INCLUDING LITHO PRINTING INDUSTRY),2005,9.9
374,COIR,2005,0.59
375,CONSTRUCTION (INFRASTRUCTURE) ACTIVITIES,2005,0.93
376,"CONSTRUCTION DEVELOPMENT: Townships, housing, built-up infrastructure and construction-development projects",2005,228.71
377,MISCELLANEOUS INDUSTRIES,2005,164.76
378,METALLURGICAL INDUSTRIES,2006,169.94
379,MINING,2006,6.62
380,POWER,2006,157.15
381,NON-CONVENTIONAL ENERGY,2006,2.44
382,COAL PRODUCTION,2006,1.3
383,PETROLEUM & NATURAL GAS,2006,87.71
384,BOILERS AND STEAM GENERATING PLANTS,2006,3.31
385,PRIME MOVER (OTHER THAN ELECTRICAL GENERATORS),2006,25.57
386,ELECTRICAL EQUIPMENTS,2006,76.85
387,COMPUTER SOFTWARE & HARDWARE,2006,2613.33
388,ELECTRONICS,2006,42.14
389,TELECOMMUNICATIONS,2006,476.51
390,INFORMATION & BROADCASTING (INCLUDING PRINT MEDIA),2006,75.7
391,AUTOMOBILE INDUSTRY,2006,260.72
392,AIR TRANSPORT (INCLUDING AIR FREIGHT),2006,62.29
393,SEA TRANSPORT,2006,72.52
394,PORTS,2006,0.0
395,RAILWAY RELATED COMPONENTS,2006,25.82
396,INDUSTRIAL MACHINERY,2006,25.96
397,MACHINE TOOLS,2006,37.28
398,AGRICULTURAL MACHINERY,2006,25.19
399,EARTH-MOVING MACHINERY,2006,0.99
400,MISCELLANEOUS MECHANICAL & ENGINEERING INDUSTRIES,2006,84.44
401,"COMMERCIAL, OFFICE & HOUSEHOLD EQUIPMENTS",2006,5.42
402,MEDICAL AND SURGICAL APPLIANCES,2006,13.43
403,INDUSTRIAL INSTRUMENTS,2006,0.0
404,SCIENTIFIC INSTRUMENTS,2006,0.07
405,"MATHEMATICAL,SURVEYING AND DRAWING INSTRUMENTS",2006,0.0
406,FERTILIZERS,2006,5.01
407,CHEMICALS (OTHER THAN FERTILIZERS),2006,138.85
408,PHOTOGRAPHIC RAW FILM AND PAPER,2006,2.81
409,DYE-STUFFS,2006,0.0
410,DRUGS & PHARMACEUTICALS,2006,224.2
411,"TEXTILES (INCLUDING DYED,PRINTED)",2006,126.9
412,PAPER AND PULP (INCLUDING PAPER PRODUCTS),2006,5.08
413,SUGAR,2006,9.85
414,FERMENTATION INDUSTRIES,2006,27.58
415,FOOD PROCESSING INDUSTRIES,2006,102.0
416,VEGETABLE OILS AND VANASPATI,2006,16.22
417,"SOAPS, COSMETICS & TOILET PREPARATIONS",2006,6.04
418,RUBBER GOODS,2006,18.75
419,"LEATHER,LEATHER GOODS AND PICKERS",2006,8.26
420,GLUE AND GELATIN,2006,0.0
421,GLASS,2006,1.43
422,CERAMICS,2006,122.23
423,CEMENT AND GYPSUM PRODUCTS,2006,242.47
424,TIMBER PRODUCTS,2006,0.0
425,DEFENCE INDUSTRIES,2006,0.0
426,CONSULTANCY SERVICES,2006,114.68
427,"SERVICES SECTOR (Fin.,Banking,Insurance,Non Fin/Business,Outsourcing,R&D,Courier,Tech. Testing and Analysis, Other)",2006,4713.78
428,HOSPITAL & DIAGNOSTIC CENTRES,2006,38.14
429,EDUCATION,2006,41.81
430,HOTEL & TOURISM,2006,195.66
431,TRADING,2006,114.65
432,RETAIL TRADING,2006,0.0
433,AGRICULTURE SERVICES,2006,12.53
434,"DIAMOND,GOLD ORNAMENTS",2006,61.97
435,TEA AND COFFEE (PROCESSING & WAREHOUSING COFFEE & RUBBER),2006,6.2
436,PRINTING OF BOOKS (INCLUDING LITHO PRINTING INDUSTRY),2006,20.04
437,COIR,2006,0.04
438,CONSTRUCTION (INFRASTRUCTURE) ACTIVITIES,2006,64.06
439,"CONSTRUCTION DEVELOPMENT: Townships, housing, built-up infrastructure and construction-development projects",2006,1392.95
440,MISCELLANEOUS INDUSTRIES,2006,304.87
441,METALLURGICAL INDUSTRIES,2007,1175.75
442,MINING,2007,444.36
443,POWER,2007,988.68
444,NON-CONVENTIONAL ENERGY,2007,58.82
445,COAL PRODUCTION,2007,14.08
446,PETROLEUM & NATURAL GAS,2007,1405.04
447,BOILERS AND STEAM GENERATING PLANTS,2007,1.51
448,PRIME MOVER (OTHER THAN ELECTRICAL GENERATORS),2007,40.53
449,ELECTRICAL EQUIPMENTS,2007,653.74
450,COMPUTER SOFTWARE & HARDWARE,2007,1382.25
451,ELECTRONICS,2007,136.03
452,TELECOMMUNICATIONS,2007,1260.7
453,INFORMATION & BROADCASTING (INCLUDING PRINT MEDIA),2007,288.49
454,AUTOMOBILE INDUSTRY,2007,656.1
455,AIR TRANSPORT (INCLUDING AIR FREIGHT),2007,99.08
456,SEA TRANSPORT,2007,128.36
457,PORTS,2007,918.18
458,RAILWAY RELATED COMPONENTS,2007,12.41
459,INDUSTRIAL MACHINERY,2007,119.57
460,MACHINE TOOLS,2007,56.87
461,AGRICULTURAL MACHINERY,2007,6.72
462,EARTH-MOVING MACHINERY,2007,67.94
463,MISCELLANEOUS MECHANICAL & ENGINEERING INDUSTRIES,2007,211.15
464,"COMMERCIAL, OFFICE & HOUSEHOLD EQUIPMENTS",2007,9.83
465,MEDICAL AND SURGICAL APPLIANCES,2007,13.17
466,INDUSTRIAL INSTRUMENTS,2007,2.23
467,SCIENTIFIC INSTRUMENTS,2007,0.0
468,"MATHEMATICAL,SURVEYING AND DRAWING INSTRUMENTS",2007,1.27
469,FERTILIZERS,2007,1.95
470,CHEMICALS (OTHER THAN FERTILIZERS),2007,233.7
471,PHOTOGRAPHIC RAW FILM AND PAPER,2007,54.86
472,DYE-STUFFS,2007,5.51
473,DRUGS & PHARMACEUTICALS,2007,340.35
474,"TEXTILES (INCLUDING DYED,PRINTED)",2007,185.4
475,PAPER AND PULP (INCLUDING PAPER PRODUCTS),2007,31.24
476,SUGAR,2007,10.07
477,FERMENTATION INDUSTRIES,2007,270.05
478,FOOD PROCESSING INDUSTRIES,2007,70.17
479,VEGETABLE OILS AND VANASPATI,2007,1.53
480,"SOAPS, COSMETICS & TOILET PREPARATIONS",2007,6.38
481,RUBBER GOODS,2007,15.12
482,"LEATHER,LEATHER GOODS AND PICKERS",2007,7.46
483,GLUE AND GELATIN,2007,2.28
484,GLASS,2007,11.04
485,CERAMICS,2007,115.11
486,CEMENT AND GYPSUM PRODUCTS,2007,16.89
487,TIMBER PRODUCTS,2007,0.39
488,DEFENCE INDUSTRIES,2007,0.0
489,CONSULTANCY SERVICES,2007,233.32
490,"SERVICES SECTOR (Fin.,Banking,Insurance,Non Fin/Business,Outsourcing,R&D,Courier,Tech. Testing and Analysis, Other)",2007,6986.17
491,HOSPITAL & DIAGNOSTIC CENTRES,2007,241.76
492,EDUCATION,2007,43.59
493,HOTEL & TOURISM,2007,421.47
494,TRADING,2007,345.02
495,RETAIL TRADING,2007,1.27
496,AGRICULTURE SERVICES,2007,58.13
497,"DIAMOND,GOLD ORNAMENTS",2007,59.15
498,TEA AND COFFEE (PROCESSING & WAREHOUSING COFFEE & RUBBER),2007,18.94
499,PRINTING OF BOOKS (INCLUDING LITHO PRINTING INDUSTRY),2007,35.54
500,COIR,2007,0.01
501,CONSTRUCTION (INFRASTRUCTURE) ACTIVITIES,2007,182.92
502,"CONSTRUCTION DEVELOPMENT: Townships, housing, built-up infrastructure and construction-development projects",2007,3887.33
503,MISCELLANEOUS INDUSTRIES,2007,528.42
504,METALLURGICAL INDUSTRIES,2008,959.94
505,MINING,2008,34.16
506,POWER,2008,907.66
507,NON-CONVENTIONAL ENERGY,2008,125.88
508,COAL PRODUCTION,2008,0.22
509,PETROLEUM & NATURAL GAS,2008,349.29
510,BOILERS AND STEAM GENERATING PLANTS,2008,0.0
511,PRIME MOVER (OTHER THAN ELECTRICAL GENERATORS),2008,74.88
512,ELECTRICAL EQUIPMENTS,2008,417.35
513,COMPUTER SOFTWARE & HARDWARE,2008,1543.34
514,ELECTRONICS,2008,147.51
515,TELECOMMUNICATIONS,2008,2548.63
516,INFORMATION & BROADCASTING (INCLUDING PRINT MEDIA),2008,735.04
517,AUTOMOBILE INDUSTRY,2008,1150.03
518,AIR TRANSPORT (INCLUDING AIR FREIGHT),2008,61.37
519,SEA TRANSPORT,2008,50.21
520,PORTS,2008,493.15
521,RAILWAY RELATED COMPONENTS,2008,18.01
522,INDUSTRIAL MACHINERY,2008,110.54
523,MACHINE TOOLS,2008,45.66
524,AGRICULTURAL MACHINERY,2008,5.57
525,EARTH-MOVING MACHINERY,2008,2.27
526,MISCELLANEOUS MECHANICAL & ENGINEERING INDUSTRIES,2008,142.31
527,"COMMERCIAL, OFFICE & HOUSEHOLD EQUIPMENTS",2008,12.63
528,MEDICAL AND SURGICAL APPLIANCES,2008,75.42
529,INDUSTRIAL INSTRUMENTS,2008,17.48
530,SCIENTIFIC INSTRUMENTS,2008,0.83
531,"MATHEMATICAL,SURVEYING AND DRAWING INSTRUMENTS",2008,0.0
532,FERTILIZERS,2008,133.75
533,CHEMICALS (OTHER THAN FERTILIZERS),2008,651.22
534,PHOTOGRAPHIC RAW FILM AND PAPER,2008,1.05
535,DYE-STUFFS,2008,1.17
536,DRUGS & PHARMACEUTICALS,2008,4246.76
537,"TEXTILES (INCLUDING DYED,PRINTED)",2008,157.52
538,PAPER AND PULP (INCLUDING PAPER PRODUCTS),2008,272.51
539,SUGAR,2008,5.01
540,FERMENTATION INDUSTRIES,2008,144.7
541,FOOD PROCESSING INDUSTRIES,2008,102.71
542,VEGETABLE OILS AND VANASPATI,2008,42.88
543,"SOAPS, COSMETICS & TOILET PREPARATIONS",2008,22.03
544,RUBBER GOODS,2008,84.88
545,"LEATHER,LEATHER GOODS AND PICKERS",2008,3.32
546,GLUE AND GELATIN,2008,0.0
547,GLASS,2008,23.16
548,CERAMICS,2008,198.43
549,CEMENT AND GYPSUM PRODUCTS,2008,724.8
550,TIMBER PRODUCTS,2008,11.27
551,DEFENCE INDUSTRIES,2008,0.0
552,CONSULTANCY SERVICES,2008,256.59
553,"SERVICES SECTOR (Fin.,Banking,Insurance,Non Fin/Business,Outsourcing,R&D,Courier,Tech. Testing and Analysis, Other)",2008,6183.49
554,HOSPITAL & DIAGNOSTIC CENTRES,2008,239.71
555,EDUCATION,2008,214.52
556,HOTEL & TOURISM,2008,463.92
557,TRADING,2008,643.64
558,RETAIL TRADING,2008,0.09
559,AGRICULTURE SERVICES,2008,5.35
560,"DIAMOND,GOLD ORNAMENTS",2008,83.5
561,TEA AND COFFEE (PROCESSING & WAREHOUSING COFFEE & RUBBER),2008,37.08
562,PRINTING OF BOOKS (INCLUDING LITHO PRINTING INDUSTRY),2008,31.61
563,COIR,2008,0.0
564,CONSTRUCTION (INFRASTRUCTURE) ACTIVITIES,2008,172.7
565,"CONSTRUCTION DEVELOPMENT: Townships, housing, built-up infrastructure and construction-development projects",2008,4657.51
566,MISCELLANEOUS INDUSTRIES,2008,1549.7
567,METALLURGICAL INDUSTRIES,2009,419.88
568,MINING,2009,174.4
569,POWER,2009,1271.79
570,NON-CONVENTIONAL ENERGY,2009,622.52
571,COAL PRODUCTION,2009,0.0
572,PETROLEUM & NATURAL GAS,2009,265.53
573,BOILERS AND STEAM GENERATING PLANTS,2009,3.96
574,PRIME MOVER (OTHER THAN ELECTRICAL GENERATORS),2009,39.5
575,ELECTRICAL EQUIPMENTS,2009,728.27
576,COMPUTER SOFTWARE & HARDWARE,2009,871.86
577,ELECTRONICS,2009,52.14
578,TELECOMMUNICATIONS,2009,2539.26
579,INFORMATION & BROADCASTING (INCLUDING PRINT MEDIA),2009,490.83
580,AUTOMOBILE INDUSTRY,2009,1236.29
581,AIR TRANSPORT (INCLUDING AIR FREIGHT),2009,23.71
582,SEA TRANSPORT,2009,284.85
583,PORTS,2009,65.41
584,RAILWAY RELATED COMPONENTS,2009,34.43
585,INDUSTRIAL MACHINERY,2009,341.88
586,MACHINE TOOLS,2009,133.83
587,AGRICULTURAL MACHINERY,2009,1.88
588,EARTH-MOVING MACHINERY,2009,15.62
589,MISCELLANEOUS MECHANICAL & ENGINEERING INDUSTRIES,2009,149.59
590,"COMMERCIAL, OFFICE & HOUSEHOLD EQUIPMENTS",2009,78.98
591,MEDICAL AND SURGICAL APPLIANCES,2009,167.35
592,INDUSTRIAL INSTRUMENTS,2009,7.61
593,SCIENTIFIC INSTRUMENTS,2009,0.0
594,"MATHEMATICAL,SURVEYING AND DRAWING INSTRUMENTS",2009,0.0
595,FERTILIZERS,2009,8.2
596,CHEMICALS (OTHER THAN FERTILIZERS),2009,365.94
597,PHOTOGRAPHIC RAW FILM AND PAPER,2009,0.0
598,DYE-STUFFS,2009,4.02
599,DRUGS & PHARMACEUTICALS,2009,213.08
600,"TEXTILES (INCLUDING DYED,PRINTED)",2009,150.27
601,PAPER AND PULP (INCLUDING PAPER PRODUCTS),2009,16.42
602,SUGAR,2009,0.1
603,FERMENTATION INDUSTRIES,2009,112.02
604,FOOD PROCESSING INDUSTRIES,2009,278.89
605,VEGETABLE OILS AND VANASPATI,2009,69.74
606,"SOAPS, COSMETICS & TOILET PREPARATIONS",2009,24.58
607,RUBBER GOODS,2009,24.12
608,"LEATHER,LEATHER GOODS AND PICKERS",2009,5.06
609,GLUE AND GELATIN,2009,0.27
610,GLASS,2009,2.83
611,CERAMICS,2009,7.21
612,CEMENT AND GYPSUM PRODUCTS,2009,33.8
613,TIMBER PRODUCTS,2009,6.54
614,DEFENCE INDUSTRIES,2009,0.0
615,CONSULTANCY SERVICES,2009,341.31
616,"SERVICES SECTOR (Fin.,Banking,Insurance,Non Fin/Business,Outsourcing,R&D,Courier,Tech. Testing and Analysis, Other)",2009,4174.53
617,HOSPITAL & DIAGNOSTIC CENTRES,2009,135.57
618,EDUCATION,2009,63.35
619,HOTEL & TOURISM,2009,753.02
620,TRADING,2009,737.95
621,RETAIL TRADING,2009,13.73
622,AGRICULTURE SERVICES,2009,1222.22
623,"DIAMOND,GOLD ORNAMENTS",2009,31.08
624,TEA AND COFFEE (PROCESSING & WAREHOUSING COFFEE & RUBBER),2009,8.15
625,PRINTING OF BOOKS (INCLUDING LITHO PRINTING INDUSTRY),2009,70.51
626,COIR,2009,0.25
627,CONSTRUCTION (INFRASTRUCTURE) ACTIVITIES,2009,324.56
628,"CONSTRUCTION DEVELOPMENT: Townships, housing, built-up infrastructure and construction-development projects",2009,5466.13
629,MISCELLANEOUS INDUSTRIES,2009,1147.56
630,METALLURGICAL INDUSTRIES,2010,1098.14
631,MINING,2010,79.51
632,POWER,2010,1271.77
633,NON-CONVENTIONAL ENERGY,2010,214.4
634,COAL PRODUCTION,2010,0.0
635,PETROLEUM & NATURAL GAS,2010,556.43
636,BOILERS AND STEAM GENERATING PLANTS,2010,0.63
637,PRIME MOVER (OTHER THAN ELECTRICAL GENERATORS),2010,166.44
638,ELECTRICAL EQUIPMENTS,2010,153.9
639,COMPUTER SOFTWARE & HARDWARE,2010,779.81
640,ELECTRONICS,2010,59.72
641,TELECOMMUNICATIONS,2010,1664.5
642,INFORMATION & BROADCASTING (INCLUDING PRINT MEDIA),2010,412.11
643,AUTOMOBILE INDUSTRY,2010,1299.41
644,AIR TRANSPORT (INCLUDING AIR FREIGHT),2010,136.6
645,SEA TRANSPORT,2010,300.51
646,PORTS,2010,10.92
647,RAILWAY RELATED COMPONENTS,2010,70.66
648,INDUSTRIAL MACHINERY,2010,467.92
649,MACHINE TOOLS,2010,11.63
650,AGRICULTURAL MACHINERY,2010,0.49
651,EARTH-MOVING MACHINERY,2010,1.77
652,MISCELLANEOUS MECHANICAL & ENGINEERING INDUSTRIES,2010,108.67
653,"COMMERCIAL, OFFICE & HOUSEHOLD EQUIPMENTS",2010,25.12
654,MEDICAL AND SURGICAL APPLIANCES,2010,32.22
655,INDUSTRIAL INSTRUMENTS,2010,25.48
656,SCIENTIFIC INSTRUMENTS,2010,2.49
657,"MATHEMATICAL,SURVEYING AND DRAWING INSTRUMENTS",2010,0.0
658,FERTILIZERS,2010,18.18
659,CHEMICALS (OTHER THAN FERTILIZERS),2010,2354.4
660,PHOTOGRAPHIC RAW FILM AND PAPER,2010,0.81
661,DYE-STUFFS,2010,5.37
662,DRUGS & PHARMACEUTICALS,2010,209.38
663,"TEXTILES (INCLUDING DYED,PRINTED)",2010,129.65
664,PAPER AND PULP (INCLUDING PAPER PRODUCTS),2010,6.53
665,SUGAR,2010,0.17
666,FERMENTATION INDUSTRIES,2010,57.71
667,FOOD PROCESSING INDUSTRIES,2010,188.67
668,VEGETABLE OILS AND VANASPATI,2010,58.07
669,"SOAPS, COSMETICS & TOILET PREPARATIONS",2010,102.9
670,RUBBER GOODS,2010,17.21
671,"LEATHER,LEATHER GOODS AND PICKERS",2010,9.26
672,GLUE AND GELATIN,2010,0.01
673,GLASS,2010,7.6
674,CERAMICS,2010,12.0
675,CEMENT AND GYPSUM PRODUCTS,2010,637.68
676,TIMBER PRODUCTS,2010,1.58
677,DEFENCE INDUSTRIES,2010,0.0
678,CONSULTANCY SERVICES,2010,274.84
679,"SERVICES SECTOR (Fin.,Banking,Insurance,Non Fin/Business,Outsourcing,R&D,Courier,Tech. Testing and Analysis, Other)",2010,3296.09
680,HOSPITAL & DIAGNOSTIC CENTRES,2010,256.0
681,EDUCATION,2010,37.94
682,HOTEL & TOURISM,2010,308.05
683,TRADING,2010,498.04
684,RETAIL TRADING,2010,26.27
685,AGRICULTURE SERVICES,2010,43.9
686,"DIAMOND,GOLD ORNAMENTS",2010,19.59
687,TEA AND COFFEE (PROCESSING & WAREHOUSING COFFEE & RUBBER),2010,3.12
688,PRINTING OF BOOKS (INCLUDING LITHO PRINTING INDUSTRY),2010,36.63
689,COIR,2010,0.1
690,CONSTRUCTION (INFRASTRUCTURE) ACTIVITIES,2010,675.07
691,"CONSTRUCTION DEVELOPMENT: Townships, housing, built-up infrastructure and construction-development projects",2010,1663.03
692,MISCELLANEOUS INDUSTRIES,2010,1475.97
693,METALLURGICAL INDUSTRIES,2011,1786.14
694,MINING,2011,142.65
695,POWER,2011,1652.38
696,NON-CONVENTIONAL ENERGY,2011,452.17
697,COAL PRODUCTION,2011,0.0
698,PETROLEUM & NATURAL GAS,2011,2029.98
699,BOILERS AND STEAM GENERATING PLANTS,2011,31.79
700,PRIME MOVER (OTHER THAN ELECTRICAL GENERATORS),2011,313.75
701,ELECTRICAL EQUIPMENTS,2011,566.39
702,COMPUTER SOFTWARE & HARDWARE,2011,796.35
703,ELECTRONICS,2011,194.41
704,TELECOMMUNICATIONS,2011,1997.24
705,INFORMATION & BROADCASTING (INCLUDING PRINT MEDIA),2011,675.96
706,AUTOMOBILE INDUSTRY,2011,922.99
707,AIR TRANSPORT (INCLUDING AIR FREIGHT),2011,31.22
708,SEA TRANSPORT,2011,129.36
709,PORTS,2011,0.0
710,RAILWAY RELATED COMPONENTS,2011,42.27
711,INDUSTRIAL MACHINERY,2011,620.66
712,MACHINE TOOLS,2011,127.87
713,AGRICULTURAL MACHINERY,2011,2.77
714,EARTH-MOVING MACHINERY,2011,16.4
715,MISCELLANEOUS MECHANICAL & ENGINEERING INDUSTRIES,2011,1295.34
716,"COMMERCIAL, OFFICE & HOUSEHOLD EQUIPMENTS",2011,29.04
717,MEDICAL AND SURGICAL APPLIANCES,2011,141.61
718,INDUSTRIAL INSTRUMENTS,2011,3.99
719,SCIENTIFIC INSTRUMENTS,2011,7.08
720,"MATHEMATICAL,SURVEYING AND DRAWING INSTRUMENTS",2011,0.0
721,FERTILIZERS,2011,32.6
722,CHEMICALS (OTHER THAN FERTILIZERS),2011,4040.71
723,PHOTOGRAPHIC RAW FILM AND PAPER,2011,0.0
724,DYE-STUFFS,2011,0.58
725,DRUGS & PHARMACEUTICALS,2011,3232.28
726,"TEXTILES (INCLUDING DYED,PRINTED)",2011,164.19
727,PAPER AND PULP (INCLUDING PAPER PRODUCTS),2011,407.35
728,SUGAR,2011,4.44
729,FERMENTATION INDUSTRIES,2011,69.7
730,FOOD PROCESSING INDUSTRIES,2011,170.21
731,VEGETABLE OILS AND VANASPATI,2011,65.02
732,"SOAPS, COSMETICS & TOILET PREPARATIONS",2011,222.08
733,RUBBER GOODS,2011,187.37
734,"LEATHER,LEATHER GOODS AND PICKERS",2011,8.3
735,GLUE AND GELATIN,2011,5.84
736,GLASS,2011,32.22
737,CERAMICS,2011,9.87
738,CEMENT AND GYPSUM PRODUCTS,2011,267.9
739,TIMBER PRODUCTS,2011,29.6
740,DEFENCE INDUSTRIES,2011,3.66
741,CONSULTANCY SERVICES,2011,289.89
742,"SERVICES SECTOR (Fin.,Banking,Insurance,Non Fin/Business,Outsourcing,R&D,Courier,Tech. Testing and Analysis, Other)",2011,5215.98
743,HOSPITAL & DIAGNOSTIC CENTRES,2011,310.43
744,EDUCATION,2011,105.62
745,HOTEL & TOURISM,2011,992.86
746,TRADING,2011,731.55
747,RETAIL TRADING,2011,31.7
748,AGRICULTURE SERVICES,2011,49.02
749,"DIAMOND,GOLD ORNAMENTS",2011,36.3
750,TEA AND COFFEE (PROCESSING & WAREHOUSING COFFEE & RUBBER),2011,5.32
751,PRINTING OF BOOKS (INCLUDING LITHO PRINTING INDUSTRY),2011,47.39
752,COIR,2011,0.55
753,CONSTRUCTION (INFRASTRUCTURE) ACTIVITIES,2011,386.28
754,"CONSTRUCTION DEVELOPMENT: Townships, housing, built-up infrastructure and construction-development projects",2011,3140.78
755,MISCELLANEOUS INDUSTRIES,2011,813.38
756,METALLURGICAL INDUSTRIES,2012,1466.23
757,MINING,2012,57.89
758,POWER,2012,535.68
759,NON-CONVENTIONAL ENERGY,2012,1106.52
760,COAL PRODUCTION,2012,0.0
761,PETROLEUM & NATURAL GAS,2012,214.8
762,BOILERS AND STEAM GENERATING PLANTS,2012,20.05
763,PRIME MOVER (OTHER THAN ELECTRICAL GENERATORS),2012,184.6
764,ELECTRICAL EQUIPMENTS,2012,195.87
765,COMPUTER SOFTWARE & HARDWARE,2012,485.96
766,ELECTRONICS,2012,38.24
767,TELECOMMUNICATIONS,2012,303.87
768,INFORMATION & BROADCASTING (INCLUDING PRINT MEDIA),2012,404.04
769,AUTOMOBILE INDUSTRY,2012,1537.28
770,AIR TRANSPORT (INCLUDING AIR FREIGHT),2012,15.89
771,SEA TRANSPORT,2012,64.62
772,PORTS,2012,0.0
773,RAILWAY RELATED COMPONENTS,2012,29.85
774,INDUSTRIAL MACHINERY,2012,503.83
775,MACHINE TOOLS,2012,101.39
776,AGRICULTURAL MACHINERY,2012,95.41
777,EARTH-MOVING MACHINERY,2012,5.1
778,MISCELLANEOUS MECHANICAL & ENGINEERING INDUSTRIES,2012,89.45
779,"COMMERCIAL, OFFICE & HOUSEHOLD EQUIPMENTS",2012,24.33
780,MEDICAL AND SURGICAL APPLIANCES,2012,83.02
781,INDUSTRIAL INSTRUMENTS,2012,0.58
782,SCIENTIFIC INSTRUMENTS,2012,73.28
783,"MATHEMATICAL,SURVEYING AND DRAWING INSTRUMENTS",2012,6.71
784,FERTILIZERS,2012,42.55
785,CHEMICALS (OTHER THAN FERTILIZERS),2012,292.16
786,PHOTOGRAPHIC RAW FILM AND PAPER,2012,0.0
787,DYE-STUFFS,2012,0.0
788,DRUGS & PHARMACEUTICALS,2012,1123.46
789,"TEXTILES (INCLUDING DYED,PRINTED)",2012,103.89
790,PAPER AND PULP (INCLUDING PAPER PRODUCTS),2012,5.09
791,SUGAR,2012,12.26
792,FERMENTATION INDUSTRIES,2012,107.21
793,FOOD PROCESSING INDUSTRIES,2012,401.46
794,VEGETABLE OILS AND VANASPATI,2012,108.39
795,"SOAPS, COSMETICS & TOILET PREPARATIONS",2012,160.07
796,RUBBER GOODS,2012,642.18
797,"LEATHER,LEATHER GOODS AND PICKERS",2012,46.7
798,GLUE AND GELATIN,2012,0.0
799,GLASS,2012,209.16
800,CERAMICS,2012,4.33
801,CEMENT AND GYPSUM PRODUCTS,2012,12.38
802,TIMBER PRODUCTS,2012,29.17
803,DEFENCE INDUSTRIES,2012,0.41
804,CONSULTANCY SERVICES,2012,142.32
805,"SERVICES SECTOR (Fin.,Banking,Insurance,Non Fin/Business,Outsourcing,R&D,Courier,Tech. Testing and Analysis, Other)",2012,4832.98
806,HOSPITAL & DIAGNOSTIC CENTRES,2012,256.86
807,EDUCATION,2012,172.2
808,HOTEL & TOURISM,2012,3259.05
809,TRADING,2012,717.8
810,RETAIL TRADING,2012,22.31
811,AGRICULTURE SERVICES,2012,161.47
812,"DIAMOND,GOLD ORNAMENTS",2012,52.61
813,TEA AND COFFEE (PROCESSING & WAREHOUSING COFFEE & RUBBER),2012,0.27
814,PRINTING OF BOOKS (INCLUDING LITHO PRINTING INDUSTRY),2012,14.34
815,COIR,2012,0.15
816,CONSTRUCTION (INFRASTRUCTURE) ACTIVITIES,2012,283.89
817,"CONSTRUCTION DEVELOPMENT: Townships, housing, built-up infrastructure and construction-development projects",2012,1332.49
818,MISCELLANEOUS INDUSTRIES,2012,229.49
819,METALLURGICAL INDUSTRIES,2013,567.63
820,MINING,2013,12.73
821,POWER,2013,1066.08
822,NON-CONVENTIONAL ENERGY,2013,414.25
823,COAL PRODUCTION,2013,2.96
824,PETROLEUM & NATURAL GAS,2013,112.23
825,BOILERS AND STEAM GENERATING PLANTS,2013,0.17
826,PRIME MOVER (OTHER THAN ELECTRICAL GENERATORS),2013,212.78
827,ELECTRICAL EQUIPMENTS,2013,134.31
828,COMPUTER SOFTWARE & HARDWARE,2013,1126.27
829,ELECTRONICS,2013,132.58
830,TELECOMMUNICATIONS,2013,1306.95
831,INFORMATION & BROADCASTING (INCLUDING PRINT MEDIA),2013,428.52
832,AUTOMOBILE INDUSTRY,2013,1517.28
833,AIR TRANSPORT (INCLUDING AIR FREIGHT),2013,45.95
834,SEA TRANSPORT,2013,20.49
835,PORTS,2013,0.31
836,RAILWAY RELATED COMPONENTS,2013,236.93
837,INDUSTRIAL MACHINERY,2013,477.38
838,MACHINE TOOLS,2013,64.52
839,AGRICULTURAL MACHINERY,2013,48.78
840,EARTH-MOVING MACHINERY,2013,34.44
841,MISCELLANEOUS MECHANICAL & ENGINEERING INDUSTRIES,2013,288.13
842,"COMMERCIAL, OFFICE & HOUSEHOLD EQUIPMENTS",2013,21.13
843,MEDICAL AND SURGICAL APPLIANCES,2013,173.48
844,INDUSTRIAL INSTRUMENTS,2013,0.53
845,SCIENTIFIC INSTRUMENTS,2013,45.08
846,"MATHEMATICAL,SURVEYING AND DRAWING INSTRUMENTS",2013,0.0
847,FERTILIZERS,2013,20.65
848,CHEMICALS (OTHER THAN FERTILIZERS),2013,786.76
849,PHOTOGRAPHIC RAW FILM AND PAPER,2013,0.0
850,DYE-STUFFS,2013,0.0
851,DRUGS & PHARMACEUTICALS,2013,1279.34
852,"TEXTILES (INCLUDING DYED,PRINTED)",2013,198.86
853,PAPER AND PULP (INCLUDING PAPER PRODUCTS),2013,26.86
854,SUGAR,2013,3.08
855,FERMENTATION INDUSTRIES,2013,814.58
856,FOOD PROCESSING INDUSTRIES,2013,3982.89
857,VEGETABLE OILS AND VANASPATI,2013,21.55
858,"SOAPS, COSMETICS & TOILET PREPARATIONS",2013,108.44
859,RUBBER GOODS,2013,370.54
860,"LEATHER,LEATHER GOODS AND PICKERS",2013,6.14
861,GLUE AND GELATIN,2013,0.97
862,GLASS,2013,43.09
863,CERAMICS,2013,150.09
864,CEMENT AND GYPSUM PRODUCTS,2013,254.01
865,TIMBER PRODUCTS,2013,6.16
866,DEFENCE INDUSTRIES,2013,0.82
867,CONSULTANCY SERVICES,2013,285.85
868,"SERVICES SECTOR (Fin.,Banking,Insurance,Non Fin/Business,Outsourcing,R&D,Courier,Tech. Testing and Analysis, Other)",2013,2225.1
869,HOSPITAL & DIAGNOSTIC CENTRES,2013,684.58
870,EDUCATION,2013,262.09
871,HOTEL & TOURISM,2013,486.38
872,TRADING,2013,1343.39
873,RETAIL TRADING,2013,11.3
874,AGRICULTURE SERVICES,2013,91.01
875,"DIAMOND,GOLD ORNAMENTS",2013,42.56
876,TEA AND COFFEE (PROCESSING & WAREHOUSING COFFEE & RUBBER),2013,5.86
877,PRINTING OF BOOKS (INCLUDING LITHO PRINTING INDUSTRY),2013,113.78
878,COIR,2013,0.54
879,CONSTRUCTION (INFRASTRUCTURE) ACTIVITIES,2013,485.37
880,"CONSTRUCTION DEVELOPMENT: Townships, housing, built-up infrastructure and construction-development projects",2013,1226.05
881,MISCELLANEOUS INDUSTRIES,2013,468.74
882,METALLURGICAL INDUSTRIES,2014,359.34
883,MINING,2014,684.39
884,POWER,2014,707.04
885,NON-CONVENTIONAL ENERGY,2014,615.95
886,COAL PRODUCTION,2014,0.0
887,PETROLEUM & NATURAL GAS,2014,1079.02
888,BOILERS AND STEAM GENERATING PLANTS,2014,1.33
889,PRIME MOVER (OTHER THAN ELECTRICAL GENERATORS),2014,230.7
890,ELECTRICAL EQUIPMENTS,2014,574.83
891,COMPUTER SOFTWARE & HARDWARE,2014,2296.04
892,ELECTRONICS,2014,96.84
893,TELECOMMUNICATIONS,2014,2894.94
894,INFORMATION & BROADCASTING (INCLUDING PRINT MEDIA),2014,254.96
895,AUTOMOBILE INDUSTRY,2014,2725.64
896,AIR TRANSPORT (INCLUDING AIR FREIGHT),2014,74.56
897,SEA TRANSPORT,2014,333.22
898,PORTS,2014,1.9
899,RAILWAY RELATED COMPONENTS,2014,129.73
900,INDUSTRIAL MACHINERY,2014,716.79
901,MACHINE TOOLS,2014,24.06
902,AGRICULTURAL MACHINERY,2014,72.35
903,EARTH-MOVING MACHINERY,2014,30.11
904,MISCELLANEOUS MECHANICAL & ENGINEERING INDUSTRIES,2014,186.69
905,"COMMERCIAL, OFFICE & HOUSEHOLD EQUIPMENTS",2014,33.39
906,MEDICAL AND SURGICAL APPLIANCES,2014,145.93
907,INDUSTRIAL INSTRUMENTS,2014,0.85
908,SCIENTIFIC INSTRUMENTS,2014,32.34
909,"MATHEMATICAL,SURVEYING AND DRAWING INSTRUMENTS",2014,0.0
910,FERTILIZERS,2014,225.32
911,CHEMICALS (OTHER THAN FERTILIZERS),2014,762.76
912,PHOTOGRAPHIC RAW FILM AND PAPER,2014,0.75
913,DYE-STUFFS,2014,54.89
914,DRUGS & PHARMACEUTICALS,2014,1497.74
915,"TEXTILES (INCLUDING DYED,PRINTED)",2014,197.42
916,PAPER AND PULP (INCLUDING PAPER PRODUCTS),2014,116.21
917,SUGAR,2014,27.77
918,FERMENTATION INDUSTRIES,2014,225.38
919,FOOD PROCESSING INDUSTRIES,2014,515.86
920,VEGETABLE OILS AND VANASPATI,2014,148.34
921,"SOAPS, COSMETICS & TOILET PREPARATIONS",2014,177.22
922,RUBBER GOODS,2014,284.51
923,"LEATHER,LEATHER GOODS AND PICKERS",2014,34.21
924,GLUE AND GELATIN,2014,21.44
925,GLASS,2014,41.82
926,CERAMICS,2014,35.29
927,CEMENT AND GYPSUM PRODUCTS,2014,208.99
928,TIMBER PRODUCTS,2014,8.97
929,DEFENCE INDUSTRIES,2014,0.08
930,CONSULTANCY SERVICES,2014,458.13
931,"SERVICES SECTOR (Fin.,Banking,Insurance,Non Fin/Business,Outsourcing,R&D,Courier,Tech. Testing and Analysis, Other)",2014,4443.26
932,HOSPITAL & DIAGNOSTIC CENTRES,2014,567.85
933,EDUCATION,2014,78.86
934,HOTEL & TOURISM,2014,777.01
935,TRADING,2014,2727.96
936,RETAIL TRADING,2014,168.72
937,AGRICULTURE SERVICES,2014,59.95
938,"DIAMOND,GOLD ORNAMENTS",2014,280.18
939,TEA AND COFFEE (PROCESSING & WAREHOUSING COFFEE & RUBBER),2014,1.43
940,PRINTING OF BOOKS (INCLUDING LITHO PRINTING INDUSTRY),2014,72.58
941,COIR,2014,1.36
942,CONSTRUCTION (INFRASTRUCTURE) ACTIVITIES,2014,870.25
943,"CONSTRUCTION DEVELOPMENT: Townships, housing, built-up infrastructure and construction-development projects",2014,769.14
944,MISCELLANEOUS INDUSTRIES,2014,765.88
945,METALLURGICAL INDUSTRIES,2015,456.31
946,MINING,2015,520.67
947,POWER,2015,868.8
948,NON-CONVENTIONAL ENERGY,2015,776.51
949,COAL PRODUCTION,2015,0.0
950,PETROLEUM & NATURAL GAS,2015,103.02
951,BOILERS AND STEAM GENERATING PLANTS,2015,77.91
952,PRIME MOVER (OTHER THAN ELECTRICAL GENERATORS),2015,159.13
953,ELECTRICAL EQUIPMENTS,2015,444.88
954,COMPUTER SOFTWARE & HARDWARE,2015,5904.36
955,ELECTRONICS,2015,208.39
956,TELECOMMUNICATIONS,2015,1324.4
957,INFORMATION & BROADCASTING (INCLUDING PRINT MEDIA),2015,1009.34
958,AUTOMOBILE INDUSTRY,2015,2526.82
959,AIR TRANSPORT (INCLUDING AIR FREIGHT),2015,361.25
960,SEA TRANSPORT,2015,429.3
961,PORTS,2015,0.0
962,RAILWAY RELATED COMPONENTS,2015,73.99
963,INDUSTRIAL MACHINERY,2015,568.26
964,MACHINE TOOLS,2015,126.38
965,AGRICULTURAL MACHINERY,2015,16.44
966,EARTH-MOVING MACHINERY,2015,97.66
967,MISCELLANEOUS MECHANICAL & ENGINEERING INDUSTRIES,2015,274.57
968,"COMMERCIAL, OFFICE & HOUSEHOLD EQUIPMENTS",2015,36.68
969,MEDICAL AND SURGICAL APPLIANCES,2015,173.26
970,INDUSTRIAL INSTRUMENTS,2015,7.42
971,SCIENTIFIC INSTRUMENTS,2015,6.36
972,"MATHEMATICAL,SURVEYING AND DRAWING INSTRUMENTS",2015,0.0
973,FERTILIZERS,2015,20.93
974,CHEMICALS (OTHER THAN FERTILIZERS),2015,1469.95
975,PHOTOGRAPHIC RAW FILM AND PAPER,2015,0.0
976,DYE-STUFFS,2015,3.32
977,DRUGS & PHARMACEUTICALS,2015,754.26
978,"TEXTILES (INCLUDING DYED,PRINTED)",2015,230.13
979,PAPER AND PULP (INCLUDING PAPER PRODUCTS),2015,85.21
980,SUGAR,2015,105.85
981,FERMENTATION INDUSTRIES,2015,202.36
982,FOOD PROCESSING INDUSTRIES,2015,505.88
983,VEGETABLE OILS AND VANASPATI,2015,34.22
984,"SOAPS, COSMETICS & TOILET PREPARATIONS",2015,193.26
985,RUBBER GOODS,2015,296.15
986,"LEATHER,LEATHER GOODS AND PICKERS",2015,17.13
987,GLUE AND GELATIN,2015,0.82
988,GLASS,2015,25.78
989,CERAMICS,2015,51.21
990,CEMENT AND GYPSUM PRODUCTS,2015,19.69
991,TIMBER PRODUCTS,2015,53.17
992,DEFENCE INDUSTRIES,2015,0.1
993,CONSULTANCY SERVICES,2015,517.47
994,"SERVICES SECTOR (Fin.,Banking,Insurance,Non Fin/Business,Outsourcing,R&D,Courier,Tech. Testing and Analysis, Other)",2015,6889.46
995,HOSPITAL & DIAGNOSTIC CENTRES,2015,742.35
996,EDUCATION,2015,230.78
997,HOTEL & TOURISM,2015,1332.69
998,TRADING,2015,3845.32
999,RETAIL TRADING,2015,262.24
1000,AGRICULTURE SERVICES,2015,84.65
1001,"DIAMOND,GOLD ORNAMENTS",2015,58.54
1002,TEA AND COFFEE (PROCESSING & WAREHOUSING COFFEE & RUBBER),2015,1.12
1003,PRINTING OF BOOKS (INCLUDING LITHO PRINTING INDUSTRY),2015,122.81
1004,COIR,2015,0.0
1005,CONSTRUCTION (INFRASTRUCTURE) ACTIVITIES,2015,4510.71
1006,"CONSTRUCTION DEVELOPMENT: Townships, housing, built-up infrastructure and construction-development projects",2015,112.55
1007,MISCELLANEOUS INDUSTRIES,2015,668.77
1008,METALLURGICAL INDUSTRIES,2016,1440.18
1009,MINING,2016,55.75
1010,POWER,2016,1112.98
1011,NON-CONVENTIONAL ENERGY,2016,783.57
1012,COAL PRODUCTION,2016,0.0
1013,PETROLEUM & NATURAL GAS,2016,180.4
1014,BOILERS AND STEAM GENERATING PLANTS,2016,53.91
1015,PRIME MOVER (OTHER THAN ELECTRICAL GENERATORS),2016,286.88
1016,ELECTRICAL EQUIPMENTS,2016,2230.69
1017,COMPUTER SOFTWARE & HARDWARE,2016,3651.71
1018,ELECTRONICS,2016,83.97
1019,TELECOMMUNICATIONS,2016,5563.69
1020,INFORMATION & BROADCASTING (INCLUDING PRINT MEDIA),2016,1516.68
1021,AUTOMOBILE INDUSTRY,2016,1609.32
1022,AIR TRANSPORT (INCLUDING AIR FREIGHT),2016,83.4
1023,SEA TRANSPORT,2016,735.06
1024,PORTS,2016,0.0
1025,RAILWAY RELATED COMPONENTS,2016,87.57
1026,INDUSTRIAL MACHINERY,2016,329.3
1027,MACHINE TOOLS,2016,23.89
1028,AGRICULTURAL MACHINERY,2016,15.19
1029,EARTH-MOVING MACHINERY,2016,52.23
1030,MISCELLANEOUS MECHANICAL & ENGINEERING INDUSTRIES,2016,245.24
1031,"COMMERCIAL, OFFICE & HOUSEHOLD EQUIPMENTS",2016,7.44
1032,MEDICAL AND SURGICAL APPLIANCES,2016,479.71
1033,INDUSTRIAL INSTRUMENTS,2016,0.8
1034,SCIENTIFIC INSTRUMENTS,2016,76.66
1035,"MATHEMATICAL,SURVEYING AND DRAWING INSTRUMENTS",2016,0.0
1036,FERTILIZERS,2016,0.89
1037,CHEMICALS (OTHER THAN FERTILIZERS),2016,1392.8
1038,PHOTOGRAPHIC RAW FILM AND PAPER,2016,0.0
1039,DYE-STUFFS,2016,10.7
1040,DRUGS & PHARMACEUTICALS,2016,857.39
1041,"TEXTILES (INCLUDING DYED,PRINTED)",2016,618.95
1042,PAPER AND PULP (INCLUDING PAPER PRODUCTS),2016,197.61
1043,SUGAR,2016,15.92
1044,FERMENTATION INDUSTRIES,2016,110.86
1045,FOOD PROCESSING INDUSTRIES,2016,727.22
1046,VEGETABLE OILS AND VANASPATI,2016,108.45
1047,"SOAPS, COSMETICS & TOILET PREPARATIONS",2016,92.6
1048,RUBBER GOODS,2016,262.76
1049,"LEATHER,LEATHER GOODS AND PICKERS",2016,2.3
1050,GLUE AND GELATIN,2016,90.6
1051,GLASS,2016,51.69
1052,CERAMICS,2016,15.4
1053,CEMENT AND GYPSUM PRODUCTS,2016,2130.1
1054,TIMBER PRODUCTS,2016,10.23
1055,DEFENCE INDUSTRIES,2016,0.0
1056,CONSULTANCY SERVICES,2016,261.14
1057,"SERVICES SECTOR (Fin.,Banking,Insurance,Non Fin/Business,Outsourcing,R&D,Courier,Tech. Testing and Analysis, Other)",2016,8684.07
1058,HOSPITAL & DIAGNOSTIC CENTRES,2016,747.38
1059,EDUCATION,2016,160.12
1060,HOTEL & TOURISM,2016,916.13
1061,TRADING,2016,2338.4
1062,RETAIL TRADING,2016,450.94
1063,AGRICULTURE SERVICES,2016,76.43
1064,"DIAMOND,GOLD ORNAMENTS",2016,123.92
1065,TEA AND COFFEE (PROCESSING & WAREHOUSING COFFEE & RUBBER),2016,1.6
1066,PRINTING OF BOOKS (INCLUDING LITHO PRINTING INDUSTRY),2016,53.17
1067,COIR,2016,0.0
1068,CONSTRUCTION (INFRASTRUCTURE) ACTIVITIES,2016,1860.73
1069,"CONSTRUCTION DEVELOPMENT: Townships, housing, built-up infrastructure and construction-development projects",2016,105.14
1070,MISCELLANEOUS INDUSTRIES,2016,296.4
